Set,CardID,Title,Description,Category,Rarity,SpiceLevel,TimeEstimate,PositivePrompt,NegativePrompt
Base,B001,Slow Hands,"Take turns giving a full-body massage for 10 minutes. Use oil or lotion. Stay off the obvious spots until the very end.",Soft Touch,Common,2,10 min,"Elegant sensual illustration of a couple in soft bedroom lighting, one partner massaging the other's back with oil, hands gliding over skin, intimate atmosphere, tasteful erotic art style, high detail, warm tones","text, watermark, logo, deformed hands, extra limbs, ugly, blurry, cartoon, anime, explicit genitals, pornographic close-up"
Base,B002,Whisper Kiss,"Kiss only the neck, ears, and collarbone for three full minutes while whispering what you want to do next.",Soft Touch,Common,2,5 min,"Romantic close-up of a couple, man kissing woman's neck from behind, soft lighting, intimate bedroom setting, sensual and elegant, detailed skin texture, warm atmosphere","text, watermark, deformed, extra fingers, blurry, low quality, cartoon, explicit nudity focus"
Base,B003,Feather Tease,"Use a soft feather or scarf to lightly trace over your partner's body for 5 minutes. No hands allowed.",Soft Touch,Common,1,5 min,"Tasteful erotic scene of a couple, one partner teasing the other with a feather across bare skin, soft sheets, candlelight, elegant and sensual composition","text, watermark, deformed hands, extra limbs, ugly face, blurry, cartoonish, hardcore"
Base,B004,Eye Lock,"Maintain eye contact while slowly undressing each other. No rushing.",Soft Touch,Uncommon,2,10 min,"Intimate couple facing each other, slowly removing clothing while locked in eye contact, soft romantic lighting, elegant erotic art, detailed expressions of desire","text, watermark, deformed, asymmetrical eyes, blurry, low detail, cartoon, explicit"
Base,B005,Warm Oil Trail,"Pour warm massage oil in a slow line down your partner's spine and follow it with your tongue or fingers.",Soft Touch,Uncommon,3,8 min,"Sensual illustration of oil being poured down a partner's back, hands following the trail, soft lighting, intimate atmosphere, high-quality erotic art style","text, watermark, deformed anatomy, extra limbs, ugly, blurry, cartoon, pornographic"
Base,B006,Barefoot Rub,"Give your partner a long, slow foot and calf massage while they relax completely.",Soft Touch,Common,1,10 min,"Relaxing sensual scene of one partner massaging the other's bare feet and calves, soft bedding, warm lighting, intimate and caring mood","text, watermark, deformed feet, extra toes, blurry, low quality, cartoon"
Base,B007,Breath Play Soft,"Take turns breathing lightly on each other's most sensitive spots without touching them for two minutes each.",Soft Touch,Uncommon,2,6 min,"Close intimate shot of a couple, one partner's lips close to the other's skin without contact, soft focus, sensual atmosphere, elegant lighting","text, watermark, deformed, extra limbs, blurry, cartoon, explicit genitals"
Base,B008,Silk Slide,"Use a silk scarf or soft fabric to slowly slide across your partner's naked body from head to toe.",Soft Touch,Common,2,7 min,"Elegant erotic image of silk fabric gliding over a partner's bare skin, soft bedroom lighting, sensual and luxurious mood, high detail","text, watermark, deformed, ugly, blurry, cartoon, hardcore pornography"
Base,B009,Compliment Strip,"Give one genuine compliment, then remove one piece of clothing. Alternate until both are ready.",Flirty Fun,Common,2,10 min,"Playful sexy couple laughing and undressing each other in a bedroom, fun energetic atmosphere, warm lighting, tasteful erotic illustration","text, watermark, deformed hands, extra limbs, blurry, cartoon, ugly faces"
Base,B010,Blindfold Feed,"Blindfold your partner and feed them something sweet or savory while describing how good they look.",Flirty Fun,Common,2,8 min,"Sensual scene of one partner blindfolded being fed by the other, intimate close-up, soft lighting, playful and erotic mood","text, watermark, deformed, extra fingers, blurry, low quality, cartoon"
Base,B011,Lap Dance Lite,"Give your partner a short, playful lap dance. Keep it fun and teasing.",Flirty Fun,Uncommon,3,5 min,"Playful sexy woman giving a teasing lap dance to her partner, bedroom setting, fun energetic lighting, tasteful erotic art style","text, watermark, deformed anatomy, extra limbs, blurry, cartoon, hardcore"
Base,B012,Truth or Dare Kiss,"Play one round of truth or dare. Every dare must involve a kiss somewhere new.",Flirty Fun,Common,2,10 min,"Laughing couple playing a flirty game in bed, exchanging kisses, playful and sexy atmosphere, warm soft lighting","text, watermark, deformed faces, blurry, low detail, cartoon"
Base,B013,Ice Cube Trail,"Run an ice cube slowly over your partner's skin, following it with your mouth.",Flirty Fun,Uncommon,3,7 min,"Sensual close-up of an ice cube melting on skin followed by lips, intimate lighting, erotic and teasing mood, high detail","text, watermark, deformed, extra limbs, blurry, cartoon, explicit close-up"
Base,B014,Mirror Tease,"Stand in front of a mirror together and slowly touch yourselves while watching each other.",Flirty Fun,Rare,4,10 min,"Sexy couple standing in front of a large mirror, touching themselves while watching the reflection, sensual lighting, elegant erotic style","text, watermark, deformed anatomy, extra limbs, blurry, cartoon, hardcore pornography"
Base,B015,Clothing Bet,"Bet on something small. Loser has to remove an item of clothing and do a little dance.",Flirty Fun,Common,2,8 min,"Playful couple in bedroom making a fun bet, one starting to undress, laughing and flirty atmosphere, warm lighting","text, watermark, deformed hands, ugly, blurry, cartoon"
Base,B016,Position Remix,"Start in your usual favorite position, then switch to a completely different one halfway through.",Classic Heat,Common,3,15 min,"Passionate couple changing sexual positions in bed, intimate and energetic, soft romantic lighting, tasteful erotic illustration","text, watermark, deformed bodies, extra limbs, blurry, cartoon, extreme close-up genitals"
Base,B017,Slow Build Oral,"Spend at least five full minutes on oral before moving to anything else. No rushing.",Classic Heat,Common,3,12 min,"Intimate sensual scene of one partner performing oral sex, elegant composition, soft lighting, erotic but not hardcore style","text, watermark, deformed, extra limbs, blurry, cartoon, extreme pornographic detail"
Base,B018,Mirror Position,"Do everything in front of a mirror so you can both watch.",Classic Heat,Uncommon,4,15 min,"Couple having sex in front of a large mirror, watching themselves, sensual lighting, tasteful erotic art, high detail","text, watermark, deformed anatomy, extra limbs, blurry, cartoon, hardcore"
Base,B019,Edge and Hold,"Get each other close to climax three times without finishing, then decide who goes first.",Classic Heat,Uncommon,4,20 min,"Intense intimate couple on the edge of climax, holding back, passionate expressions, soft bedroom lighting, erotic atmosphere","text, watermark, deformed, extra limbs, blurry, cartoon, explicit extreme"
Base,B020,From Behind Classic,"Start from behind. One partner controls the pace completely for the first five minutes.",Classic Heat,Common,3,15 min,"Passionate couple in doggy style position, intimate bedroom setting, sensual lighting, tasteful erotic illustration","text, watermark, deformed bodies, extra limbs, blurry, cartoon, extreme close-ups"
Base,B021,Standing Heat,"Have sex standing up against a wall or door for as long as you can last.",Classic Heat,Uncommon,4,10 min,"Sexy couple having standing sex against a wall, passionate and intense, dramatic lighting, elegant erotic style","text, watermark, deformed anatomy, extra limbs, blurry, cartoon, hardcore"
Base,B022,69 Classic,"Spend at least eight minutes in 69 before switching to anything else.",Classic Heat,Common,3,12 min,"Intimate couple in 69 position, sensual composition, soft lighting, tasteful erotic art style, high detail","text, watermark, deformed, extra limbs, blurry, cartoon, extreme pornographic"
Base,B023,Cowgirl Control,"One partner on top has complete control of speed and depth for the entire time.",Classic Heat,Common,3,15 min,"Woman on top in cowgirl position, taking control, passionate expressions, soft romantic lighting, erotic illustration","text, watermark, deformed bodies, extra limbs, blurry, cartoon"
Base,B024,New Spot,"Move the entire activity to a different room or piece of furniture.",Turn It Up,Uncommon,4,15 min,"Couple relocating their intimacy to a new location in the house, spontaneous and sexy atmosphere, warm lighting","text, watermark, deformed, extra limbs, blurry, cartoon, low quality"
Base,B025,Light Restraint,"Use soft scarves or ties to gently restrain one partner's wrists for part of the session.",Turn It Up,Rare,4,20 min,"Sensual scene of one partner lightly restrained with soft fabric, intimate and trusting mood, elegant erotic lighting","text, watermark, deformed hands, extra limbs, blurry, cartoon, violent, hardcore bondage"
Base,B026,Temperature Play,"Alternate between something warm and something cool on your partner's skin.",Turn It Up,Uncommon,3,10 min,"Couple using warm and cool sensations on each other's bodies, sensual close-ups, soft lighting, erotic atmosphere","text, watermark, deformed, extra limbs, blurry, cartoon"
Base,B027,Blindfold Full,"One partner stays blindfolded for the entire encounter. The other leads completely.",Turn It Up,Rare,4,20 min,"One partner blindfolded, fully guided by the other in an intimate setting, trusting and sensual mood, soft lighting","text, watermark, deformed, extra limbs, blurry, cartoon, hardcore"
Base,B028,Public Tease Private Payoff,"Tease each other discreetly in public (restaurant, store, etc.), then go home and finish what you started.",Turn It Up,Uncommon,3,varies,"Couple sharing secret flirty touches in a public setting, then later in private, playful and sexy dual-scene illustration","text, watermark, deformed, extra limbs, blurry, cartoon, explicit public sex"
Base,B029,Role Switch,"Spend the night with one partner completely in charge. Switch roles next time.",Turn It Up,Rare,4,30 min,"One partner clearly leading the other in a passionate encounter, dominant yet caring energy, sensual lighting","text, watermark, deformed anatomy, extra limbs, blurry, cartoon, violent"
Base,B030,Toy Introduction,"Introduce one new toy or household item as a prop for the night.",Turn It Up,Uncommon,4,15 min,"Couple incorporating a simple toy into their intimacy, playful and exploratory mood, soft bedroom lighting","text, watermark, deformed, extra limbs, blurry, cartoon, extreme"
Base,B031,Fantasy Detail,"Share one fantasy out loud and incorporate a single small detail from it tonight.",Wild Card,Uncommon,3,15 min,"Couple whispering fantasies to each other in bed, intimate and excited expressions, warm soft lighting, sensual art style","text, watermark, deformed faces, blurry, cartoon, low quality"
Base,B032,Dice Control,"Roll the die. The number is how many minutes one partner is in complete control.",Wild Card,Common,3,varies,"Couple with a 12-sided die on the bed, one partner taking control based on the roll, playful sexy atmosphere","text, watermark, deformed hands, extra limbs, blurry, cartoon"
Base,B033,Stranger Roleplay,"Pretend you just met at a bar or party. Seduce each other from scratch.",Wild Card,Rare,4,25 min,"Couple roleplaying as strangers meeting, building tension and seduction, stylish lighting, sexy and cinematic feel","text, watermark, deformed, extra limbs, blurry, cartoon, ugly"
Base,B034,No Hands Challenge,"One partner is not allowed to use their hands for 10 minutes. The other has to get creative.",Wild Card,Uncommon,3,12 min,"Creative intimate scene where one partner cannot use hands, the other finding new ways, playful erotic mood","text, watermark, deformed anatomy, extra limbs, blurry, cartoon"
Base,B035,Outdoor Risk,"Find a private outdoor spot (balcony, backyard, car) and keep it quiet.",Wild Card,Rare,5,15 min,"Couple in a semi-private outdoor setting at night, risky and exciting atmosphere, moody lighting, sensual composition","text, watermark, deformed, extra limbs, blurry, cartoon, explicit public exposure"
Base,B036,Voice Only,"One partner can only use their voice to direct the other. No touching allowed from the director.",Wild Card,Uncommon,3,10 min,"One partner giving verbal instructions while the other follows, intimate and focused mood, soft lighting","text, watermark, deformed, blurry, cartoon, low detail"
Base,B037,Full Attention,"One partner lies back and receives whatever they ask for, for 15 minutes straight. No reciprocity in the moment.",Focus on You,Common,3,15 min,"One partner completely focused on giving pleasure to the other who is relaxed and receiving, sensual and caring atmosphere, soft lighting","text, watermark, deformed anatomy, extra limbs, blurry, cartoon"
Base,B038,Guided Hands,"The receiving partner places their hands over the giving partner's and shows exactly the pressure and speed they want.",Focus on You,Common,2,10 min,"Close intimate shot of hands guiding other hands on skin, sensual detail, soft lighting, erotic connection","text, watermark, deformed hands, extra fingers, blurry, cartoon"
Base,B039,Orgasm Focus,"The goal is for one partner to climax. The other does whatever it takes without seeking their own.",Focus on You,Uncommon,4,20 min,"Intense focused scene of one partner dedicated to the other's climax, passionate expressions, soft romantic lighting","text, watermark, deformed, extra limbs, blurry, cartoon, extreme close-up"
Base,B040,Body Worship,"Spend 10 minutes kissing, licking, and praising every part of your partner's body.",Focus on You,Uncommon,3,12 min,"One partner worshipping the other's body with kisses and attention, sensual and adoring mood, elegant lighting","text, watermark, deformed anatomy, extra limbs, blurry, cartoon"
Base,B041,Silent Receiver,"The receiving partner is not allowed to touch back or move much. Just receive.",Focus on You,Rare,4,15 min,"One partner completely passive and receiving focused attention, intimate and trusting atmosphere, soft lighting","text, watermark, deformed, extra limbs, blurry, cartoon"
Base,B042,Free Play Create,"Make up your own short activity together and do it right now.",Free Play,Common,3,varies,"Couple inventing their own intimate game in the moment, playful and spontaneous energy, warm bedroom lighting","text, watermark, deformed, extra limbs, blurry, cartoon"
Base,B043,Dealer's Choice,"The roller picks any card from the entire deck and you both do it.",Free Play,Common,3,varies,"Couple looking through a deck of cards together in bed, choosing an activity, fun and sexy mood","text, watermark, deformed hands, blurry, cartoon, low quality"
Base,B044,Double Draw,"Draw two cards and combine them into one longer experience.",Free Play,Uncommon,4,20 min,"Couple combining two different intimate ideas into one session, creative and excited atmosphere, soft lighting","text, watermark, deformed, extra limbs, blurry, cartoon"
Base,B045,Reverse Roles,"Whatever you were about to do, switch who is doing what.",Free Play,Common,3,15 min,"Couple switching roles mid-activity, playful and equal energy, sensual lighting","text, watermark, deformed anatomy, blurry, cartoon"
Base,B046,Morning Heat,"Do this activity first thing in the morning before either of you gets out of bed.",Classic Heat,Uncommon,3,15 min,"Couple still in bed in the morning light, intimate and sleepy-sexy atmosphere, soft natural lighting","text, watermark, deformed, extra limbs, blurry, cartoon"
Base,B047,Shower Together,"Get in the shower together and stay until the water runs cold or you both finish.",Classic Heat,Common,3,15 min,"Couple in a steamy shower together, water running over skin, sensual and intimate mood, elegant lighting","text, watermark, deformed anatomy, extra limbs, blurry, cartoon, extreme"
Base,B048,Kitchen Counter,"Clear a space on the kitchen counter or table and use it.",Turn It Up,Rare,4,15 min,"Passionate couple using a kitchen counter, spontaneous and sexy domestic setting, warm lighting","text, watermark, deformed bodies, extra limbs, blurry, cartoon"
Base,B049,Car Quickie,"Find a private parking spot and keep the windows steamed.",Wild Card,Rare,5,10 min,"Couple in a car at night, steamed windows, risky and exciting atmosphere, moody lighting","text, watermark, deformed, extra limbs, blurry, cartoon, explicit public"
Base,B050,Oil Wrestling,"Put down a towel, add oil, and wrestle until one of you is clearly on top — then keep going.",Flirty Fun,Rare,4,20 min,"Playful oily couple wrestling on a bed or floor, laughing and turning sexual, fun energetic lighting","text, watermark, deformed anatomy, extra limbs, blurry, cartoon"
Base,B051,Slow Penetration,"When you finally connect, stay almost still for the first two minutes. Only tiny movements.",Classic Heat,Uncommon,3,15 min,"Intimate close connection with very slow movement, intense eye contact, soft romantic lighting, sensual detail","text, watermark, deformed, extra limbs, blurry, cartoon, extreme close-up"
Base,B052,Hair Pull Tease,"Light hair pulling combined with deep kissing and slow grinding.",Turn It Up,Uncommon,3,10 min,"Passionate couple with light hair pulling during kissing and grinding, intense and sexy mood, dramatic lighting","text, watermark, deformed hands, extra limbs, blurry, cartoon, violent"
Base,B053,Neck Focus,"Spend five full minutes only on the neck and throat. Nothing below the shoulders.",Soft Touch,Common,2,6 min,"Close sensual focus on neck kissing and licking, intimate atmosphere, soft lighting, elegant erotic style","text, watermark, deformed, extra limbs, blurry, cartoon"
Base,B054,Butt Attention,"Give focused attention to the backside with hands, mouth, or both for at least seven minutes.",Classic Heat,Uncommon,4,10 min,"Sensual focus on the backside with hands and mouth, tasteful composition, soft lighting, erotic art style","text, watermark, deformed anatomy, extra limbs, blurry, cartoon, extreme"
Base,B055,Mutual Masturbation,"Sit facing each other and touch yourselves while maintaining eye contact the entire time.",Flirty Fun,Common,3,10 min,"Couple facing each other, touching themselves while locked in eye contact, intimate and intense atmosphere","text, watermark, deformed hands, extra limbs, blurry, cartoon, hardcore close-up"
Base,B056,Spank and Soothe,"A few light spanks followed immediately by soft soothing touches and kisses.",Turn It Up,Uncommon,3,8 min,"Playful light spanking followed by gentle aftercare touches, fun and intimate mood, warm lighting","text, watermark, deformed, extra limbs, blurry, cartoon, violent or hardcore"
Base,B057,Clothed Grinding,"Keep most clothes on and grind against each other until someone can't take it anymore.",Flirty Fun,Common,2,10 min,"Couple fully or mostly clothed grinding against each other, building tension, sexy and restrained atmosphere","text, watermark, deformed, extra limbs, blurry, cartoon"
Base,B058,Over the Desk,"Clear a desk or table and use it for support.",Turn It Up,Rare,4,12 min,"Couple using a desk or table for support during intimacy, spontaneous office-home feel, sensual lighting","text, watermark, deformed bodies, extra limbs, blurry, cartoon"
Base,B059,Whisper Commands,"One partner can only whisper instructions. The other must follow as closely as possible.",Wild Card,Uncommon,3,12 min,"One partner whispering commands close to the ear, the other following, intimate and focused mood","text, watermark, deformed, blurry, cartoon, low quality"
Base,B060,Full Body Kissing,"Kiss every part of your partner's body at least once before moving to more intense activity.",Soft Touch,Common,2,12 min,"One partner systematically kissing the entire body of the other, sensual journey, soft romantic lighting","text, watermark, deformed anatomy, extra limbs, blurry, cartoon"
Base,B061,Edging Contest,"Take turns bringing each other close. First one to finish without permission loses a small forfeit of the winner's choice.",Turn It Up,Rare,5,25 min,"Competitive yet intimate edging game between partners, tense and excited expressions, soft lighting","text, watermark, deformed, extra limbs, blurry, cartoon, extreme"
Base,B062,Lingerie Only,"One partner wears only lingerie (or equivalent) for the entire session while the other is naked.",Flirty Fun,Uncommon,3,20 min,"One partner in sexy lingerie, the other fully naked, playful power balance, elegant bedroom lighting","text, watermark, deformed anatomy, extra limbs, blurry, cartoon"
Base,B063,Slow Undressing,"Take at least 10 full minutes to undress each other. No rushing, lots of touching in between.",Soft Touch,Common,2,12 min,"Couple slowly undressing each other with plenty of touching and kissing, sensual and anticipatory mood","text, watermark, deformed hands, extra limbs, blurry, cartoon"
Base,B064,Wall Pin,"Pin your partner gently against the wall and keep them there for several minutes of intense kissing and grinding.",Turn It Up,Uncommon,3,8 min,"Passionate couple pinned against a wall, intense kissing and body contact, dramatic lighting, sexy atmosphere","text, watermark, deformed, extra limbs, blurry, cartoon, violent"
Base,B065,Taste Tour,"Kiss and lick a path from the ankle all the way up one side of the body.",Soft Touch,Uncommon,3,10 min,"Sensual path of kisses and licks traveling up the body, intimate close detail, soft lighting","text, watermark, deformed anatomy, extra limbs, blurry, cartoon"
Base,B066,Shared Shower Finish,"Start in the shower and finish the activity there or immediately after getting out.",Classic Heat,Common,3,15 min,"Steamy shower intimacy that continues after, water and skin, sensual atmosphere, elegant lighting","text, watermark, deformed, extra limbs, blurry, cartoon"
Base,B067,One Hand Only,"Each person may only use one hand for the entire encounter. Get creative.",Wild Card,Uncommon,3,15 min,"Couple limited to one hand each, finding creative ways to pleasure, playful problem-solving energy","text, watermark, deformed hands, extra limbs, blurry, cartoon"
Base,B068,Praise Heavy,"Give constant verbal praise and dirty talk focused on how good your partner looks and feels.",Focus on You,Common,2,entire time,"Couple during intimacy with heavy verbal praise, close facial expressions of enjoyment, soft lighting","text, watermark, deformed faces, blurry, cartoon, low quality"
Base,B069,Delayed Gratification,"Agree that neither of you finishes until a certain song ends or a timer hits 20 minutes.",Turn It Up,Rare,4,20 min,"Couple holding back climax together against a timer or song, tense and connected atmosphere","text, watermark, deformed, extra limbs, blurry, cartoon"
Base,B070,After Dark Only,"This card can only be played after midnight. Lights stay off or very low.",Wild Card,Uncommon,3,varies,"Couple in very low light or darkness, relying on touch and sound, intimate and mysterious mood","text, watermark, deformed, extra limbs, blurry, cartoon, pure black image"
Base,B071,Favorite Position Upgrade,"Take your absolute favorite position and add one new element (pillow, different angle, longer buildup).",Classic Heat,Common,3,15 min,"Couple in a familiar position with a small creative upgrade, comfortable yet exciting, soft lighting","text, watermark, deformed bodies, extra limbs, blurry, cartoon"
Base,B072,Just Talk Dirty,"Spend five minutes only talking dirty to each other with no touching allowed. Then go.",Flirty Fun,Common,2,8 min,"Couple sitting close, only talking dirty with intense eye contact, building anticipation, warm lighting","text, watermark, deformed faces, blurry, cartoon, low detail"
Date Night,D001,Restaurant Tease,"During dinner out, take turns describing exactly what you want to do when you get home. Keep it quiet.",Flirty Fun,Common,2,varies,"Couple at a nice restaurant leaning in close, whispering, flirty and anticipatory mood, elegant lighting","text, watermark, deformed, extra limbs, blurry, cartoon"
Date Night,D002,Driveway Detour,"Pull over somewhere private on the way home and start in the car.",Turn It Up,Uncommon,4,15 min,"Couple in a parked car at night, starting intimacy, steamed windows, risky exciting atmosphere","text, watermark, deformed, extra limbs, blurry, cartoon, explicit public"
Date Night,D003,Dress Code,"One partner chooses what the other wears for the date, including (or excluding) underwear.",Flirty Fun,Uncommon,3,entire evening,"One partner dressing the other for a night out, playful control, sexy anticipation, stylish setting","text, watermark, deformed, extra limbs, blurry, cartoon"
Date Night,D004,Movie Hands,"During a movie at home or theater, keep one hand busy the entire time under a blanket or coat.",Flirty Fun,Common,3,movie length,"Couple in a dark theater or couch, discreet touching under cover, secretive sexy mood","text, watermark, deformed hands, extra limbs, blurry, cartoon"
Date Night,D005,Dessert First,"Skip straight to the physical dessert when you get home. Dinner can wait.",Classic Heat,Common,3,20 min,"Couple arriving home and immediately starting intimacy, coats still half on, urgent and passionate","text, watermark, deformed, extra limbs, blurry, cartoon"
Date Night,D006,Bar Roleplay,"At the bar or restaurant, act like you are meeting for the first time and picking each other up.",Wild Card,Rare,3,evening,"Couple roleplaying as strangers flirting at a bar, building seduction, stylish nightlife lighting","text, watermark, deformed, extra limbs, blurry, cartoon"
Date Night,D007,Heels On,"Keep the heels (or dress shoes) on for the first round at home.",Classic Heat,Uncommon,3,15 min,"Couple in intimate moment with one still wearing heels, sexy and elevated atmosphere, soft lighting","text, watermark, deformed feet, extra limbs, blurry, cartoon"
Date Night,D008,Photo Tease,"Take one tasteful photo together during the night (clothes still on or partially off) and look at it later.",Flirty Fun,Common,2,5 min,"Couple taking a sexy selfie or photo together, playful and intimate, warm lighting","text, watermark, deformed hands, extra limbs, blurry, cartoon, explicit nude photo"
Date Night,D009,Last Call,"When the date is ending, one partner decides whether you go straight home or make one more stop.",Wild Card,Uncommon,3,varies,"Couple at the end of a night out deciding the next move, anticipatory and sexy mood","text, watermark, deformed, blurry, cartoon"
Date Night,D010,Slow Dance Private,"Put on one slow song at home and dance closely with increasing contact until the song ends — then continue.",Soft Touch,Common,2,5 min,"Couple slow dancing in the living room, bodies pressed close, romantic and turning sensual, soft lighting","text, watermark, deformed, extra limbs, blurry, cartoon"
Date Night,D011,Order for Me,"One partner orders the other's food and drink for the entire date. Complete control of the menu.",Flirty Fun,Common,1,evening,"One partner ordering for the other at a restaurant, subtle power play, elegant dining atmosphere","text, watermark, deformed, blurry, cartoon, low quality"
Date Night,D012,Taxi Home,"If you take a rideshare or taxi, keep hands busy under a coat or bag the entire ride.",Turn It Up,Rare,4,ride length,"Couple in the back of a car at night, discreet touching, risk and excitement, city lights outside","text, watermark, deformed, extra limbs, blurry, cartoon, explicit"
Weekend Getaway,W001,Hotel Arrival,"The moment you enter the hotel room, the first 20 minutes are for physical connection only. Bags can wait.",Classic Heat,Common,3,20 min,"Couple entering a hotel room and immediately connecting physically, bags dropped, urgent desire, stylish hotel lighting","text, watermark, deformed, extra limbs, blurry, cartoon"
Weekend Getaway,W002,Balcony Risk,"If the room has a balcony or large window, use it carefully with the lights low.",Turn It Up,Rare,5,15 min,"Couple on a hotel balcony or at a large window at night, discreet and thrilling, city or nature view","text, watermark, deformed, extra limbs, blurry, cartoon, full public exposure"
Weekend Getaway,W003,Room Service Interruption,"Order room service and try to finish before it arrives. If not, continue after.",Wild Card,Uncommon,4,30 min,"Couple in hotel room racing against room service arrival, playful urgency, luxurious setting","text, watermark, deformed, extra limbs, blurry, cartoon"
Weekend Getaway,W004,Unpack Later,"Refuse to unpack anything until you have both finished at least once.",Classic Heat,Common,3,varies,"Couple ignoring suitcases in a hotel room, focused only on each other, spontaneous energy","text, watermark, deformed, blurry, cartoon"
Weekend Getaway,W005,Shower for Two,"Use the hotel shower together every morning of the trip.",Classic Heat,Common,3,15 min,"Couple sharing a hotel shower, steamy glass, intimate morning light, sensual atmosphere","text, watermark, deformed anatomy, extra limbs, blurry, cartoon"
Weekend Getaway,W006,Explore Local,"Find one private outdoor location near the hotel and use it.",Wild Card,Rare,5,20 min,"Couple finding a secluded outdoor spot near their hotel, adventurous and secretive mood, natural lighting","text, watermark, deformed, extra limbs, blurry, cartoon, explicit public"
Weekend Getaway,W007,Late Checkout,"Book late checkout and spend the extra hours in bed instead of sightseeing.",Focus on You,Uncommon,3,extra hours,"Couple lingering in a hotel bed with late checkout, lazy and intimate morning-to-afternoon energy","text, watermark, deformed, extra limbs, blurry, cartoon"
Weekend Getaway,W008,Mini Bar Dare,"Use one item from the mini bar as a prop or reward during the night.",Flirty Fun,Uncommon,3,varies,"Couple incorporating a mini bar item into their hotel room play, fun and slightly decadent mood","text, watermark, deformed, extra limbs, blurry, cartoon"
Weekend Getaway,W009,Do Not Disturb,"Put the sign on the door and do not leave the room for the next four hours.",Turn It Up,Rare,4,4 hours,"Hotel door with Do Not Disturb sign, couple fully occupied inside, luxurious and private atmosphere","text, watermark, deformed, blurry, cartoon, text heavy"
Weekend Getaway,W010,Travel Lingerie,"One partner packs special lingerie or outfit only for the hotel nights.",Flirty Fun,Common,3,evening,"Partner revealing special travel lingerie in a hotel room, surprise and delight, elegant lighting","text, watermark, deformed anatomy, extra limbs, blurry, cartoon"
Weekend Getaway,W011,Pool or Hot Tub,"If available, use the hotel pool or hot tub after dark when fewer people are around.",Turn It Up,Uncommon,4,20 min,"Couple in a hotel hot tub or pool at night, water and steam, discreet and sexy atmosphere","text, watermark, deformed, extra limbs, blurry, cartoon, full exposure"
Weekend Getaway,W012,Memory Maker,"Take one photo together in the room (tasteful) to remember the trip by.",Flirty Fun,Common,2,5 min,"Couple taking a memorable photo together in a stylish hotel room, intimate and happy mood","text, watermark, deformed hands, extra limbs, blurry, cartoon, explicit"
Long-Term Couples,L001,Revisit Firsts,"Recreate something from the first month you were together as closely as possible.",Classic Heat,Common,2,20 min,"Long-term couple recreating an early memory, nostalgic yet still passionate, warm intimate lighting","text, watermark, deformed, extra limbs, blurry, cartoon"
Long-Term Couples,L002,No Routine Allowed,"Neither of you is allowed to use your usual preferred position or routine tonight.",Turn It Up,Uncommon,3,25 min,"Established couple deliberately avoiding their usual habits, exploring new ground, curious energy","text, watermark, deformed bodies, extra limbs, blurry, cartoon"
Long-Term Couples,L003,Appreciation Night,"Before anything physical, each person lists five specific things they love about the other's body or presence.",Soft Touch,Common,1,10 min,"Couple sitting close, sharing genuine appreciation, intimate and connected mood, soft lighting","text, watermark, deformed faces, blurry, cartoon"
Long-Term Couples,L004,Switch Initiator,"The partner who usually initiates less gets to start and lead the entire night.",Focus on You,Uncommon,3,entire night,"The usually quieter partner taking the lead completely, empowering and intimate atmosphere","text, watermark, deformed, extra limbs, blurry, cartoon"
Long-Term Couples,L005,Old Favorite Upgrade,"Take a position or act you have done a hundred times and add two brand new elements.",Classic Heat,Common,3,20 min,"Long-term couple refreshing a familiar favorite with new twists, comfortable yet excited mood","text, watermark, deformed, extra limbs, blurry, cartoon"
Long-Term Couples,L006,Quiet House,"If you have the house to yourselves, use every room at least once over the weekend.",Wild Card,Rare,4,weekend,"Couple moving through different rooms of their home, claiming the whole space, playful ownership","text, watermark, deformed, extra limbs, blurry, cartoon"
Long-Term Couples,L007,Memory Lane,"Tell the story of the first time you were intimate while recreating the feeling as closely as possible.",Soft Touch,Uncommon,2,25 min,"Couple sharing the story of their first time while reconnecting physically, nostalgic and warm","text, watermark, deformed, blurry, cartoon"
Long-Term Couples,L008,No Talking,"Complete silence for the first 15 minutes. Only touch and eye contact allowed.",Soft Touch,Uncommon,2,15 min,"Long-term couple communicating only through touch and eyes, deep connection, soft intimate lighting","text, watermark, deformed, extra limbs, blurry, cartoon"
Long-Term Couples,L009,Bucket List Item,"Pick one thing from a shared or private fantasy list and do a safe version of it tonight.",Wild Card,Rare,4,30 min,"Established couple finally trying a long-held idea, excited and trusting atmosphere","text, watermark, deformed, extra limbs, blurry, cartoon"
Long-Term Couples,L010,Morning Priority,"For one full weekend, intimacy comes before chores, phones, or plans.",Focus on You,Common,3,weekend,"Couple prioritizing each other first thing in the morning, relaxed home setting, warm natural light","text, watermark, deformed, extra limbs, blurry, cartoon"
Long-Term Couples,L011,Compliment Only,"For the entire session, only positive and appreciative words are allowed. No criticism or jokes at each other's expense.",Flirty Fun,Common,1,entire time,"Couple keeping all talk positive and affirming during intimacy, warm and supportive mood","text, watermark, deformed faces, blurry, cartoon"
Long-Term Couples,L012,Rediscover,"Spend 10 minutes treating your partner's body like you are discovering it for the first time.",Soft Touch,Common,2,12 min,"Long-term partner exploring the other's body with fresh attention, wonder and desire, soft lighting","text, watermark, deformed anatomy, extra limbs, blurry, cartoon"
Quick & Dirty,Q001,Five Minute Drill,"Set a timer for five minutes. Both of you try to finish before it goes off.",Classic Heat,Common,4,5 min,"Couple racing against a five-minute timer, urgent and intense energy, focused expressions","text, watermark, deformed, extra limbs, blurry, cartoon"
Quick & Dirty,Q002,Clothes On,"Keep all clothes on. Find a way to make it work anyway.",Flirty Fun,Common,3,8 min,"Couple keeping clothes on while still finding intense connection, creative and restrained heat","text, watermark, deformed, extra limbs, blurry, cartoon"
Quick & Dirty,Q003,Wall Only,"Back against the wall the entire time. No moving to a bed or couch.",Turn It Up,Uncommon,4,10 min,"Couple using only a wall for support, standing intensity, dramatic lighting","text, watermark, deformed bodies, extra limbs, blurry, cartoon"
Quick & Dirty,Q004,One Song,"Put on one song. Everything must start and finish before it ends.",Classic Heat,Common,3,3-5 min,"Couple matching their pace to a single song, rhythmic and urgent, music implied in atmosphere","text, watermark, deformed, extra limbs, blurry, cartoon"
Quick & Dirty,Q005,Kitchen Sprint,"Use the kitchen. Finish before anyone else comes home or the food burns.",Turn It Up,Uncommon,4,10 min,"Couple in the kitchen with a sense of limited time, spontaneous and slightly risky energy","text, watermark, deformed, extra limbs, blurry, cartoon"
Quick & Dirty,Q006,Car Only,"Stay in the car. Front seat, back seat, or both.",Wild Card,Rare,5,12 min,"Couple limited to the car interior, steamed windows, confined and intense atmosphere","text, watermark, deformed, extra limbs, blurry, cartoon, explicit"
Quick & Dirty,Q007,No Warmup,"Skip all buildup. Go straight to the main event for a maximum of eight minutes.",Classic Heat,Common,4,8 min,"Couple with zero warmup, immediate intensity, focused and hungry mood","text, watermark, deformed, extra limbs, blurry, cartoon"
Quick & Dirty,Q008,Standing Finish,"Neither of you is allowed to sit or lie down until finished.",Turn It Up,Uncommon,4,10 min,"Couple remaining fully standing the entire time, physical and demanding energy","text, watermark, deformed anatomy, extra limbs, blurry, cartoon"
Quick & Dirty,Q009,Silent Sprint,"No talking at all. Communicate only through touch and movement. Ten minutes max.",Wild Card,Common,3,10 min,"Couple in complete silence, pure physical communication, intense focus, soft lighting","text, watermark, deformed, extra limbs, blurry, cartoon"
Quick & Dirty,Q010,Door Closed,"Whoever closes the bedroom door first is in charge for the next seven minutes.",Focus on You,Common,3,7 min,"One partner closing the door and immediately taking charge, quick power shift, urgent mood","text, watermark, deformed, extra limbs, blurry, cartoon"
Quick & Dirty,Q011,Timer Edge,"Set a 3-minute timer. Edge until it goes off, then finish in the next two minutes.",Turn It Up,Uncommon,4,5 min,"Couple using a short timer for edging then rapid finish, tense and explosive energy","text, watermark, deformed, extra limbs, blurry, cartoon"
Quick & Dirty,Q012,Clothes Half Off,"Only remove the minimum clothing necessary. Leave everything else on.",Flirty Fun,Common,3,8 min,"Couple with clothing mostly still on, only essential items moved, rushed and sexy look","text, watermark, deformed, extra limbs, blurry, cartoon"
Toy-Friendly,T001,Simple Vibrator,"Use a basic vibrator on the outside only for the first ten minutes before anything else.",Classic Heat,Common,3,15 min,"Couple incorporating a simple vibrator, focused external use, intimate and exploratory mood","text, watermark, deformed hands, extra limbs, blurry, cartoon, extreme toy close-up"
Toy-Friendly,T002,Remote Control,"If you have a remote or app-controlled toy, one partner holds the controls for the first half.",Turn It Up,Rare,4,20 min,"One partner holding a remote while the other reacts, playful power and surprise, soft lighting","text, watermark, deformed, extra limbs, blurry, cartoon"
Toy-Friendly,T003,Ice and Toy,"Combine a cool toy or ice with a warm mouth or hands.",Turn It Up,Uncommon,3,12 min,"Couple mixing temperature play with a toy, contrasting sensations, sensual detail","text, watermark, deformed, extra limbs, blurry, cartoon"
Toy-Friendly,T004,Toy Only Round,"One full round using only toys. No direct skin-to-skin genital contact.",Wild Card,Rare,4,15 min,"Couple relying entirely on toys for a round, creative and focused atmosphere","text, watermark, deformed hands, extra limbs, blurry, cartoon, extreme"
Toy-Friendly,T005,Couple's Toy,"Use a toy designed for two people at the same time.",Classic Heat,Uncommon,4,15 min,"Couple sharing a dual toy, connected and synchronized movement, intimate lighting","text, watermark, deformed anatomy, extra limbs, blurry, cartoon"
Toy-Friendly,T006,Blindfold Plus Toy,"Blindfold plus any one toy of choice. The blindfolded partner does not know which toy until it starts.",Turn It Up,Rare,4,15 min,"Blindfolded partner experiencing a surprise toy, anticipation and trust, soft lighting","text, watermark, deformed, extra limbs, blurry, cartoon"
Toy-Friendly,T007,Wand Focus,"Use a wand-style vibrator for focused external attention for at least eight minutes.",Focus on You,Common,3,12 min,"One partner using a wand vibrator with focused attention, relaxed receiver, sensual mood","text, watermark, deformed hands, extra limbs, blurry, cartoon"
Toy-Friendly,T008,Toy Tease,"Use the toy only on non-genital areas for the first five minutes.",Soft Touch,Common,2,8 min,"Toy being used for teasing on thighs, chest, neck, building anticipation, elegant composition","text, watermark, deformed, extra limbs, blurry, cartoon"
Toy-Friendly,T009,Shared Control,"Pass the toy back and forth every two minutes so both get turns controlling it.",Flirty Fun,Uncommon,3,15 min,"Couple taking turns controlling the same toy, playful sharing, connected energy","text, watermark, deformed hands, extra limbs, blurry, cartoon"
Toy-Friendly,T010,Finish with Toy,"Whatever else you do, the final climax must involve a toy.",Classic Heat,Common,3,varies,"Climax moment incorporating a toy, intense and focused, soft erotic lighting","text, watermark, deformed, extra limbs, blurry, cartoon, extreme close-up"
Toy-Friendly,T011,New Toy Night,"Open or introduce one toy neither of you has used together before.",Wild Card,Uncommon,4,20 min,"Couple opening or trying a brand new toy together, curiosity and excitement, warm lighting","text, watermark, deformed, extra limbs, blurry, cartoon"
Toy-Friendly,T012,Toy and Mouth,"Combine any toy with oral attention at the same time.",Classic Heat,Uncommon,4,12 min,"Simultaneous toy and oral attention, layered sensation, intimate and detailed composition","text, watermark, deformed anatomy, extra limbs, blurry, cartoon, extreme"
Travel,TR001,Hotel Card Key,"The moment the hotel door closes, the card key gets tossed and hands take over.",Classic Heat,Common,3,15 min,"Couple entering hotel room, key card dropped, immediate physical start, stylish interior","text, watermark, deformed, extra limbs, blurry, cartoon"
Travel,TR002,Airplane Blanket,"If on a plane, use the blanket for discreet contact during the flight.",Flirty Fun,Rare,3,flight,"Couple under an airplane blanket with discreet touching, secretive and thrilling mood, cabin lighting","text, watermark, deformed hands, extra limbs, blurry, cartoon, explicit"
Travel,TR003,Road Trip Rest Stop,"Pull into a quiet rest area or scenic overlook and take 15 minutes.",Turn It Up,Uncommon,4,15 min,"Couple at a secluded rest stop or overlook, quick and adventurous energy, natural outdoor light","text, watermark, deformed, extra limbs, blurry, cartoon, public exposure"
Travel,TR004,Suitcase Prop,"Use a closed suitcase as a prop or support surface in the hotel room.",Wild Card,Uncommon,3,12 min,"Couple using a suitcase creatively in a hotel room, practical and sexy improvisation","text, watermark, deformed, extra limbs, blurry, cartoon"
Travel,TR005,Time Zone Jet Lag,"Use the jet lag or schedule confusion as an excuse to stay in bed extra hours.",Focus on You,Common,2,extra hours,"Couple in a hotel bed ignoring the clock due to travel fatigue, lazy intimate mood","text, watermark, deformed, extra limbs, blurry, cartoon"
Travel,TR006,Rental Car Only,"At least one encounter must happen in the rental car during the trip.",Wild Card,Rare,5,15 min,"Couple in a rental car in a private spot, travel adventure energy, daylight or night","text, watermark, deformed, extra limbs, blurry, cartoon, explicit"
Travel,TR007,Do Not Disturb Extended,"Leave the sign on for the maximum allowed time and order all meals in.",Turn It Up,Uncommon,3,half day,"Hotel room with Do Not Disturb, couple fully checked out from the world, luxurious isolation","text, watermark, deformed, blurry, cartoon"
Travel,TR008,Souvenir Lingerie,"Buy one small item on the trip that becomes the outfit for that night only.",Flirty Fun,Common,3,evening,"Partner surprising with a trip-purchased lingerie or outfit item, playful reveal in hotel","text, watermark, deformed anatomy, extra limbs, blurry, cartoon"
Travel,TR009,Window Seat,"If the room has a good view, use the window area with curtains strategically open or closed.",Turn It Up,Rare,4,15 min,"Couple near a hotel window with a view, balancing exhibition risk and privacy, dramatic light","text, watermark, deformed, extra limbs, blurry, cartoon, full exposure"
Travel,TR010,Packing Delay,"Refuse to pack for departure until you have both finished one more time.",Classic Heat,Common,3,20 min,"Couple delaying packing, suitcases open but ignored, last chance urgency in hotel room","text, watermark, deformed, extra limbs, blurry, cartoon"
Travel,TR011,Airport Tease,"Keep the teasing going through security and boarding so the hotel arrival is explosive.",Flirty Fun,Uncommon,3,travel day,"Couple exchanging private teases through an airport journey, building anticipation, travel atmosphere","text, watermark, deformed, blurry, cartoon"
Travel,TR012,Local Flavor,"Incorporate one local food or drink into the bedroom activities (chocolate, fruit, etc.).",Flirty Fun,Common,2,15 min,"Couple using a local edible item from the destination in a sensual way, playful and cultural touch","text, watermark, deformed, extra limbs, blurry, cartoon, messy extreme"
